{
  "runs": [
    "/tmp/bench_all_threads8_run1.log",
    "/tmp/bench_all_threads8_run2.log",
    "/tmp/bench_all_threads8_run3.log",
    "/tmp/bench_all_threads8_run4.log",
    "/tmp/bench_all_threads8_run5.log"
  ],
  "per_run": {
    "Point-to-Point": {
      "mean_t": [
        0.10099,
        0.10099,
        0.10099,
        0.10099,
        0.10099
      ],
      "mean_r": [
        0.436051,
        0.436051,
        0.436051,
        0.436051,
        0.436051
      ],
      "max_t": [
        0.204713,
        0.204713,
        0.204713,
        0.204713,
        0.204713
      ],
      "max_r": [
        0.68797,
        0.68797,
        0.68797,
        0.68797,
        0.68797
      ],
      "ms": [
        1795.0,
        1807.0,
        1877.0,
        1806.0,
        1815.0
      ],
      "final_iter": [
        26,
        26,
        26,
        26,
        26
      ],
      "lm_calls": [
        26,
        26,
        26,
        26,
        26
      ],
      "neg_cost_count": [
        0,
        0,
        0,
        0,
        0
      ],
      "max_lambda": [
        1e-06,
        1e-06,
        1e-06,
        1e-06,
        1e-06
      ]
    },
    "Point-to-Plane": {
      "mean_t": [
        0.061799,
        0.061799,
        0.061799,
        0.061799,
        0.061799
      ],
      "mean_r": [
        0.430725,
        0.430725,
        0.430725,
        0.430725,
        0.430725
      ],
      "max_t": [
        0.12727,
        0.12727,
        0.12727,
        0.12727,
        0.12727
      ],
      "max_r": [
        0.852305,
        0.852305,
        0.852305,
        0.852305,
        0.852305
      ],
      "ms": [
        1136.0,
        1180.0,
        1216.0,
        1152.0,
        1208.0
      ],
      "final_iter": [
        15,
        15,
        15,
        15,
        15
      ],
      "lm_calls": [
        15,
        15,
        15,
        15,
        15
      ],
      "neg_cost_count": [
        0,
        0,
        0,
        0,
        0
      ],
      "max_lambda": [
        1e-06,
        1e-06,
        1e-06,
        1e-06,
        1e-06
      ]
    },
    "GICP": {
      "mean_t": [
        0.085399,
        0.085399,
        0.085399,
        0.085399,
        0.085399
      ],
      "mean_r": [
        0.499411,
        0.499411,
        0.499411,
        0.499411,
        0.499411
      ],
      "max_t": [
        0.168046,
        0.168046,
        0.168046,
        0.168046,
        0.168046
      ],
      "max_r": [
        1.047266,
        1.047266,
        1.047266,
        1.047266,
        1.047266
      ],
      "ms": [
        1047.0,
        1045.0,
        1104.0,
        1049.0,
        994.0
      ],
      "final_iter": [
        9,
        9,
        9,
        9,
        9
      ],
      "lm_calls": [
        9,
        9,
        9,
        9,
        9
      ],
      "neg_cost_count": [
        0,
        0,
        0,
        0,
        0
      ],
      "max_lambda": [
        1e-06,
        1e-06,
        1e-06,
        1e-06,
        1e-06
      ]
    },
    "VGICP": {
      "mean_t": [
        0.11739,
        0.11739,
        0.11739,
        0.11739,
        0.11739
      ],
      "mean_r": [
        0.635614,
        0.635614,
        0.635614,
        0.635614,
        0.635614
      ],
      "max_t": [
        0.202933,
        0.202933,
        0.202933,
        0.202933,
        0.202933
      ],
      "max_r": [
        1.177762,
        1.177762,
        1.177762,
        1.177762,
        1.177762
      ],
      "ms": [
        1313.0,
        1315.0,
        1321.0,
        1337.0,
        1327.0
      ],
      "final_iter": [
        12,
        12,
        12,
        12,
        12
      ],
      "lm_calls": [
        23,
        23,
        23,
        23,
        23
      ],
      "neg_cost_count": [
        12,
        12,
        12,
        12,
        12
      ],
      "max_lambda": [
        100000.0,
        100000.0,
        100000.0,
        100000.0,
        100000.0
      ]
    },
    "NDT": {
      "mean_t": [
        0.105657,
        0.105657,
        0.105657,
        0.105657,
        0.105657
      ],
      "mean_r": [
        0.730808,
        0.730808,
        0.730808,
        0.730808,
        0.730808
      ],
      "max_t": [
        0.19152,
        0.19152,
        0.19152,
        0.19152,
        0.19152
      ],
      "max_r": [
        1.320227,
        1.320227,
        1.320227,
        1.320227,
        1.320227
      ],
      "ms": [
        5469.0,
        5756.0,
        5647.0,
        5666.0,
        5786.0
      ],
      "final_iter": [
        70,
        70,
        70,
        70,
        70
      ],
      "lm_calls": [
        70,
        70,
        70,
        70,
        70
      ],
      "neg_cost_count": [
        0,
        0,
        0,
        0,
        0
      ],
      "max_lambda": [
        1e-06,
        1e-06,
        1e-06,
        1e-06,
        1e-06
      ]
    },
    "LightNDT": {
      "mean_t": [
        0.159027,
        0.159027,
        0.159027,
        0.159027,
        0.159027
      ],
      "mean_r": [
        0.640614,
        0.640614,
        0.640614,
        0.640614,
        0.640614
      ],
      "max_t": [
        0.337532,
        0.337532,
        0.337532,
        0.337532,
        0.337532
      ],
      "max_r": [
        0.960458,
        0.960458,
        0.960458,
        0.960458,
        0.960458
      ],
      "ms": [
        677.0,
        599.0,
        686.0,
        636.0,
        653.0
      ],
      "final_iter": [
        6,
        6,
        6,
        6,
        6
      ],
      "lm_calls": [
        16,
        16,
        16,
        16,
        16
      ],
      "neg_cost_count": [
        11,
        11,
        11,
        11,
        11
      ],
      "max_lambda": [
        10000.0,
        10000.0,
        10000.0,
        10000.0,
        10000.0
      ]
    },
    "GMM_NDT": {
      "mean_t": [
        0.099698,
        0.099698,
        0.099698,
        0.099698,
        0.099698
      ],
      "mean_r": [
        0.771133,
        0.771133,
        0.771133,
        0.771133,
        0.771133
      ],
      "max_t": [
        0.174744,
        0.174744,
        0.174744,
        0.174744,
        0.174744
      ],
      "max_r": [
        1.370901,
        1.370901,
        1.370901,
        1.370901,
        1.370901
      ],
      "ms": [
        9482.0,
        9346.0,
        10135.0,
        9777.0,
        9435.0
      ],
      "final_iter": [
        66,
        66,
        66,
        66,
        66
      ],
      "lm_calls": [
        66,
        66,
        66,
        66,
        66
      ],
      "neg_cost_count": [
        0,
        0,
        0,
        0,
        0
      ],
      "max_lambda": [
        1e-06,
        1e-06,
        1e-06,
        1e-06,
        1e-06
      ]
    },
    "LOAM_LIOSAM": {
      "mean_t": [
        0.225414,
        0.225414,
        0.225414,
        0.225414,
        0.225414
      ],
      "mean_r": [
        0.774622,
        0.774622,
        0.774622,
        0.774622,
        0.774622
      ],
      "max_t": [
        0.61654,
        0.61654,
        0.61654,
        0.61654,
        0.61654
      ],
      "max_r": [
        1.429813,
        1.429813,
        1.429813,
        1.429813,
        1.429813
      ],
      "ms": [
        59.0,
        60.0,
        56.0,
        59.0,
        55.0
      ],
      "final_iter": [
        8,
        8,
        8,
        8,
        8
      ],
      "lm_calls": [
        8,
        8,
        8,
        8,
        8
      ],
      "neg_cost_count": [
        0,
        0,
        0,
        0,
        0
      ],
      "max_lambda": [
        1e-06,
        1e-06,
        1e-06,
        1e-06,
        1e-06
      ]
    }
  },
  "aggregate": {
    "Point-to-Point": {
      "mean_t_avg": 0.10099,
      "mean_t_std": 0.0,